project_name,start_date,end_date,department_id
point,2023-11-02,2024-02-03,2
security,2023-05-30,2024-12-20,4
throughout,2024-01-11,2024-07-25,4
bed,2023-08-22,2024-02-15,2
provide,2023-10-22,2024-06-21,3
consider,2023-03-28,2024-12-22,1
glass,2024-01-01,2024-08-12,2
read,2023-08-02,2024-04-29,3
move,2024-01-08,2024-12-27,2
especially,2024-01-18,2024-08-07,3
experience,2023-03-28,2024-07-24,2
force,2023-03-25,2024-06-06,3
perform,2023-12-30,2024-02-21,4
indeed,2024-01-06,2024-12-11,1
live,2023-07-17,2024-06-20,4
government,2023-10-01,2024-01-29,4
see,2023-11-30,2024-11-05,3
former,2023-09-19,2025-01-20,4
mother,2023-06-14,2024-09-14,4
base,2023-02-01,2024-04-18,2
